<?xml version="1.0" encoding="utf-8"?>
<!--/2689/1146953/2.50/4/2/Undefined or Miscellaneous/-->
<quadcept_library>
  <setting unit="mil" />
  <textstyle name="Default" height="47.244094488189" strokewidth="7.8740157480315" charwidth="47.244094488189" />
  <textstyle name="Dimension" height="19.6850393700787" strokewidth="0" charwidth="19.6850393700787" />
  <textstyle name="H127W0635TH00762" height="50" strokewidth="3" charwidth="25" />
  <textstyle name="H15W15TH02" height="59.0551181102362" strokewidth="7.8740157480315" charwidth="59.0551181102362" />
  <padstyle name="r223.52_124.46" surface="True" plated="False" isvia="False" nopaste="False" nomask="True" complex="False" holesize="0">
    <padshape layer="TOP" shape="rectangle" width="48.999999999999" height="87.999999999999" />
    <padshape layer="TOP_SOLDER_MASK" shape="rectangle" width="56.874015748031" height="95.87401574803" />
    <padshape layer="TOP_SOLDER_PASTE" shape="rectangle" width="48.999999999999" height="87.999999999999" />
  </padstyle>
  <footprint name="SOT508P985X260-4N" originx="0" originy="0" pickpointx="0" pickpointy="0">
    <pcbpin number="1" name="1" style="r223.52_124.46" originx="-173" originy="99.999999999999" rotation="90" />
    <pcbpin number="2" name="2" style="r223.52_124.46" originx="-173" originy="-99.999999999999" rotation="90" />
    <pcbpin number="3" name="3" style="r223.52_124.46" originx="173" originy="-99.999999999999" rotation="90" />
    <pcbpin number="4" name="4" style="r223.52_124.46" originx="173" originy="99.999999999999" rotation="90" />
    <line layer="TOP_ASSEMBLY" originx="-128" originy="75.999999999999" endx="-128" endy="124" width="5.9999999999999" />
    <line layer="TOP_ASSEMBLY" originx="-128" originy="124" endx="-203" endy="124" width="5.9999999999999" />
    <line layer="TOP_ASSEMBLY" originx="-203" originy="124" endx="-203" endy="75.999999999999" width="5.9999999999999" />
    <line layer="TOP_ASSEMBLY" originx="-203" originy="75.999999999999" endx="-128" endy="75.999999999999" width="5.9999999999999" />
    <line layer="TOP_ASSEMBLY" originx="-128" originy="-124" endx="-128" endy="-75.999999999999" width="5.9999999999999" />
    <line layer="TOP_ASSEMBLY" originx="-128" originy="-75.999999999999" endx="-203" endy="-75.999999999999" width="5.9999999999999" />
    <line layer="TOP_ASSEMBLY" originx="-203" originy="-75.999999999999" endx="-203" endy="-124" width="5.9999999999999" />
    <line layer="TOP_ASSEMBLY" originx="-203" originy="-124" endx="-128" endy="-124" width="5.9999999999999" />
    <line layer="TOP_ASSEMBLY" originx="128" originy="-75.999999999999" endx="128" endy="-124" width="5.9999999999999" />
    <line layer="TOP_ASSEMBLY" originx="128" originy="-124" endx="203" endy="-124" width="5.9999999999999" />
    <line layer="TOP_ASSEMBLY" originx="203" originy="-124" endx="203" endy="-75.999999999999" width="5.9999999999999" />
    <line layer="TOP_ASSEMBLY" originx="203" originy="-75.999999999999" endx="128" endy="-75.999999999999" width="5.9999999999999" />
    <line layer="TOP_ASSEMBLY" originx="128" originy="124" endx="128" endy="75.999999999999" width="5.9999999999999" />
    <line layer="TOP_ASSEMBLY" originx="128" originy="75.999999999999" endx="203" endy="75.999999999999" width="5.9999999999999" />
    <line layer="TOP_ASSEMBLY" originx="203" originy="75.999999999999" endx="203" endy="124" width="5.9999999999999" />
    <line layer="TOP_ASSEMBLY" originx="203" originy="124" endx="128" endy="124" width="5.9999999999999" />
    <line layer="TOP_ASSEMBLY" originx="-128" originy="-168" endx="128" endy="-168" width="5.9999999999999" />
    <line layer="TOP_ASSEMBLY" originx="128" originy="-168" endx="128" endy="168" width="5.9999999999999" />
    <line layer="TOP_ASSEMBLY" originx="128" originy="168" endx="12" endy="168" width="5.9999999999999" />
    <line layer="TOP_ASSEMBLY" originx="12" originy="168" endx="-12" endy="168" width="5.9999999999999" />
    <line layer="TOP_ASSEMBLY" originx="-12" originy="168" endx="-128" endy="168" width="5.9999999999999" />
    <line layer="TOP_ASSEMBLY" originx="-128" originy="168" endx="-128" endy="-168" width="5.9999999999999" />
    <line layer="TOP_SILKSCREEN" originx="-128" originy="-168" endx="128" endy="-168" width="5.9999999999999" />
    <line layer="TOP_SILKSCREEN" originx="128" originy="-168" endx="128" endy="-138" width="5.9999999999999" />
    <line layer="TOP_SILKSCREEN" originx="128" originy="168" endx="12" endy="168" width="5.9999999999999" />
    <line layer="TOP_SILKSCREEN" originx="12" originy="168" endx="-12" endy="168" width="5.9999999999999" />
    <line layer="TOP_SILKSCREEN" originx="-12" originy="168" endx="-128" endy="168" width="5.9999999999999" />
    <line layer="TOP_SILKSCREEN" originx="-128" originy="168" endx="-128" endy="138" width="5.9999999999999" />
    <line layer="TOP_SILKSCREEN" originx="-128" originy="61.999999999999" endx="-128" endy="-61.999999999999" width="5.9999999999999" />
    <line layer="TOP_SILKSCREEN" originx="-128" originy="-138" endx="-128" endy="-168" width="5.9999999999999" />
    <line layer="TOP_SILKSCREEN" originx="128" originy="-61.999999999999" endx="128" endy="61.999999999999" width="5.9999999999999" />
    <line layer="TOP_SILKSCREEN" originx="128" originy="138" endx="128" endy="168" width="5.9999999999999" />
  </footprint>
  <symbol name="DF01S" originx="0" originy="0">
    <line originx="200" originy="100" endx="900" endy="100" width="0" />
    <line originx="900" originy="-200" endx="900" endy="100" width="0" />
    <line originx="900" originy="-200" endx="200" endy="-200" width="0" />
    <line originx="200" originy="100" endx="200" endy="-200" width="0" />
    <sympin number="1" originx="200" originy="0" rotation="180" length="100" width="7.8740157480315" flipped="False">
      <text name="pinname" originx="230" originy="0" style="Default" rotation="0" justify="left" flipped="False" hidden="False" data="OUT+" />
      <text name="pindes" originx="140" originy="20" style="Default" rotation="0" justify="lowerright" flipped="False" hidden="False" data="1" />
    </sympin>
    <sympin number="2" originx="200" originy="-100" rotation="180" length="100" width="7.8740157480315" flipped="False">
      <text name="pinname" originx="230" originy="-100" style="Default" rotation="0" justify="left" flipped="False" hidden="False" data="OUT-" />
      <text name="pindes" originx="140" originy="-80" style="Default" rotation="0" justify="lowerright" flipped="False" hidden="False" data="2" />
    </sympin>
    <sympin number="3" originx="900" originy="-100" rotation="0" length="100" width="7.8740157480315" flipped="False">
      <text name="pinname" originx="870" originy="-100" style="Default" rotation="0" justify="right" flipped="False" hidden="False" data="AC" />
      <text name="pindes" originx="960" originy="-80" style="Default" rotation="0" justify="lowerleft" flipped="False" hidden="False" data="3" />
    </sympin>
    <sympin number="4" originx="900" originy="0" rotation="0" length="100" width="7.8740157480315" flipped="False">
      <text name="pinname" originx="870" originy="0" style="Default" rotation="0" justify="right" flipped="False" hidden="False" data="AC_2" />
      <text name="pindes" originx="960" originy="20" style="Default" rotation="0" justify="lowerleft" flipped="False" hidden="False" data="4" />
    </sympin>
  </symbol>
  <component name="DF01S" designatorprefix="U" height="0" footprint="SOT508P985X260-4N">
    <comppin designator="1" sympin="1" pinswap="0" gateswap="0" gate="1" group="1" side="" type="Any" name="OUT+" />
    <comppin designator="2" sympin="2" pinswap="0" gateswap="0" gate="1" group="1" side="" type="Any" name="OUT-" />
    <comppin designator="3" sympin="3" pinswap="0" gateswap="0" gate="1" group="1" side="" type="Any" name="AC" />
    <comppin designator="4" sympin="4" pinswap="0" gateswap="0" gate="1" group="1" side="" type="Any" name="AC_2" />
    <attached_symbol gate="1" name="DF01S" />
    <pinmap designator="1" footprintpin="1" />
    <pinmap designator="2" footprintpin="2" />
    <pinmap designator="3" footprintpin="3" />
    <pinmap designator="4" footprintpin="4" />
    <text name="Datasheet" originx="0" originy="0" style="Default" rotation="0" justify="" flipped="False" hidden="True" data="https://www.onsemi.com/pub/Collateral/DF10S-D.PDF" />
    <text name="Description" originx="0" originy="0" style="Default" rotation="0" justify="" flipped="False" hidden="True" data="Glass passivated junction.; Low leakage.; Surge overload rating: 50 amperes peak.; Lead Free Compliant to EU RoHS 2002/95/EU Directives; Green Molding Compound: IEC61249; Qualified with IR Reflow and Wave Soldering; UL Certified, UL # E258596" />
    <text name="Manufacturer_Name" originx="0" originy="0" style="Default" rotation="0" justify="" flipped="False" hidden="True" data="onsemi" />
    <text name="Manufacturer_Part_Number" originx="950" originy="200" style="Default" rotation="0" justify="left" flipped="False" hidden="False" data="DF01S" />
    <text name="Mouser Part Number" originx="0" originy="0" style="Default" rotation="0" justify="" flipped="False" hidden="True" data="512-DF01S" />
    <text name="Mouser Price/Stock" originx="0" originy="0" style="Default" rotation="0" justify="" flipped="False" hidden="True" data="https://www.mouser.co.uk/ProductDetail/onsemi-Fairchild/DF01S?qs=jEaxvrTvpae4Dh%252Bb%252BCgJqg%3D%3D" />
    <text name="Arrow Part Number" originx="0" originy="0" style="Default" rotation="0" justify="" flipped="False" hidden="True" data="DF01S" />
    <text name="Arrow Price/Stock" originx="0" originy="0" style="Default" rotation="0" justify="" flipped="False" hidden="True" data="https://www.arrow.com/en/products/df01s/on-semiconductor?region=nac" />
  </component>
</quadcept_library>
